"pi_key","primary.subject","herfindahl","weighted.primary.subject","weighted.herfindahl"
"nih_1840203","BIOC",0.356052442528736,"OTHER",0.114537202778353
"nih_1852587","CHEM",0.294483141120087,"CHEM",0.26957216162089
"nih_1857677","BIOC",0.350184672206833,"IMMU",0.228337940133001
"nih_1857694","BIOC",0.370086877000457,"IMMU",0.217883926559097
"nih_1857785","BIOC",0.462612896450326,"MULT",0.181638167384346
"nih_1857787","BIOC",0.309081361454047,"IMMU",0.274974748184165
"nih_1857799","BIOC",0.341521421191751,"IMMU",0.205757547658015
"nih_1857949","BIOC",0.318053075888823,"NEUR",0.352900640447005
"nih_1857999","MEDI",0.379846370869977,"MEDI",0.244449313041483
"nih_1858000","IMMU",0.246899801587302,"IMMU",0.260943669198008
"nih_1858016","BIOC",0.512187871581451,"BIOC",0.21010372873647
"nih_1858017","BIOC",0.606324908033701,"AGRI",0.266500992124109
"nih_1858018","BIOC",0.577726641829206,"NEUR",0.285365050272821
"nih_1858025","BIOC",0.556949250288351,"MULT",0.245043606178771
"nih_1858378","CHEM",0.226908802736781,"CENG",0.275072674235762
"nih_1858379","BIOC",0.5,"OTHER",0.813548538411578
"nih_1858393","BIOC",0.402546571541815,"MULT",0.208556494085134
"nih_1858394","IMMU",0.304110301768991,"IMMU",0.363842396573808
"nih_1858403","BIOC",0.50513624567474,"MULT",0.414559827981709
"nih_1858404","BIOC",0.333756710528544,"CENG",0.355500567331671
"nih_1858410","BIOC",0.41978504525954,"CHEM",0.183120081450392
"nih_1858415","BIOC",0.328232842136132,"MULT",0.185994777412212
"nih_1858485","NEUR",0.406574394463668,"NEUR",0.856063245642566
"nih_1858536","BIOC",0.436683006535948,"MEDI",0.279555942934185
"nih_1858670","MEDI",0.438778344671202,"OTHER",0.443253249297103
"nih_1858679","BIOC",0.798838053740015,"BIOC",0.327377876557805
"nih_1858704","BIOC",0.33013260173754,"MULT",0.21165494918201
"nih_1858803","BIOC",0.420710987996307,"MULT",0.256321203323816
"nih_1858811","BIOC",0.320816186556927,"IMMU",0.136111842382509
"nih_1858903","BIOC",0.694053982137072,"BIOC",0.302431088534667
"nih_1858963","BIOC",0.698490553573788,"AGRI",0.309131753902318
"nih_1859093","BIOC",0.201755829903978,"NEUR",0.394653493266784
"nih_1859098","BIOC",0.361845193806689,"CHEM",0.155778912823095
"nih_1859109","BIOC",0.462673611111111,"MULT",0.310648078902336
"nih_1859116","IMMU",0.297145328719723,"IMMU",0.330752272500588
"nih_1859162","BIOC",0.649831866331352,"BIOC",0.214608211015234
"nih_1859164","CHEM",0.290826332913875,"OTHER",0.286406506841672
"nih_1859172","MULT",0.272371498922745,"MULT",0.329549195816379
"nih_1859360","BIOC",0.455110870740941,"AGRI",0.345344875373151
"nih_1859365","BIOC",0.384544178685538,"OTHER",0.157200213045152
"nih_1859377","BIOC",0.616496598639456,"AGRI",0.347585239864513
"nih_1859383","BIOC",0.561226166995398,"IMMU",0.355511470355272
"nih_1859424","BIOC",0.432415674603175,"CENG",0.166991745926597
"nih_1859694","IMMU",0.388712565104167,"IMMU",0.473689483298211
"nih_1860024","BIOC",0.493007330246913,"AGRI",0.264045113334658
"nih_1860132","NEUR",0.458847736625514,"NEUR",0.84797794077407
"nih_1860178","BIOC",0.239916659155099,"MULT",0.198427350377576
"nih_1860212","IMMU",0.364765517832648,"IMMU",0.470821440979388
"nih_1860213","CHEM",0.274166666666667,"CENG",0.351635160934223
"nih_1860225","BIOC",0.567082837891399,"BIOC",0.177317073933893
"nih_1860231","BIOC",0.432426323484149,"AGRI",0.252233054259501
"nih_1860233","BIOC",0.528146701388889,"BIOC",0.155190390792965
"nih_1860244","BIOC",0.626479289940828,"PHAR",0.249006831141121
"nih_1860472","BIOC",0.318152873894656,"IMMU",0.268696645032962
"nih_1860523","BIOC",0.59731149882665,"IMMU",0.223298507315721
"nih_1860696","BIOC",0.355501302083333,"CENG",0.14067796946705
"nih_1860700","BIOC",0.465082668516592,"BIOC",0.14356009744789
"nih_1860709","BIOC",0.370263605442177,"AGRI",0.180104014768827
"nih_1860711","MEDI",0.400065746219592,"MEDI",0.314688600799612
"nih_1860712","IMMU",0.354094579008074,"IMMU",0.433212142947107
"nih_1860713","BIOC",0.412850023977815,"OTHER",0.170584163338055
"nih_1860716","BIOC",0.242027016610784,"OTHER",0.208178087469633
"nih_1860775","IMMU",0.295915712799168,"IMMU",0.387465920313495
"nih_1860807","BIOC",0.504882842025699,"BIOC",0.131906052882776
"nih_1860974","BIOC",0.299479166666667,"AGRI",0.543498165294147
"nih_1861000","BIOC",0.732925170068027,"BIOC",0.281508787423088
"nih_1861157","PHAR",0.26521164021164,"PHAR",0.553871823864706
"nih_1861158","PHAR",0.321551930508533,"PHAR",0.633965421908981
"nih_1861164","MEDI",0.398775272901147,"MEDI",0.27336677070294
"nih_1861270","BIOC",0.490444623607752,"MULT",0.24092210236108
"nih_1861603","IMMU",0.282880658436214,"IMMU",0.326057878940763
"nih_1861604","BIOC",0.271936042848141,"IMMU",0.239408933964155
"nih_1861611","BIOC",0.594609197845805,"BIOC",0.202435236824331
"nih_1861844","BIOC",0.565001981767737,"BIOC",0.205219612945979
"nih_1861853","BIOC",0.486328125,"IMMU",0.303440163367041
"nih_1861866","BIOC",0.617417068411387,"MULT",0.285733983663109
"nih_1861974","BIOC",0.333590534979424,"MULT",0.171526616779573
"nih_1862124","BIOC",0.480556006456907,"BIOC",0.157855567944017
"nih_1862126","BIOC",0.501395617070358,"AGRI",0.300725785621337
"nih_1862127","BIOC",0.63836133430728,"AGRI",0.503106439997204
"nih_1862128","BIOC",0.313997967844122,"MULT",0.142619008296428
"nih_1862146","BIOC",0.505308159722222,"PHAR",0.254374148919817
"nih_1862328","BIOC",0.549634668682288,"AGRI",0.272163330980982
"nih_1862351","BIOC",0.534979423868313,"AGRI",0.176064040076267
"nih_1862427","MEDI",0.285354286469694,"PHAR",0.236235838474261
"nih_1862569","NEUR",0.291454081632653,"NEUR",0.513461462644177
"nih_1862641","BIOC",0.355752332863048,"NEUR",0.467701468583101
"nih_1862714","BIOC",0.278990392288295,"NEUR",0.413392448124071
"nih_1862825","BIOC",0.384506172839506,"MEDI",0.238870978848723
"nih_1862828","IMMU",0.316407625370957,"IMMU",0.3645118495209
"nih_1862863","BIOC",0.267037037037037,"MULT",0.159437489837725
"nih_1862869","BIOC",0.325547004677833,"CHEM",0.171973638388917
"nih_1862913","BIOC",0.275342816865308,"PHAR",0.31497897983931
"nih_1862941","MEDI",0.429700591635033,"MEDI",0.317986041014261
"nih_1862946","BIOC",0.335421583599426,"NEUR",0.369274347116838
"nih_1862965","BIOC",0.32336445402004,"NEUR",0.531712586937886
"nih_1863075","BIOC",0.249444143981732,"AGRI",0.353821247387394
"nih_1863076","BIOC",0.322314049586777,"NEUR",0.218978991379106
"nih_1863102","BIOC",0.494188850308642,"AGRI",0.334399754698614
"nih_1863113","BIOC",0.60619212962963,"BIOC",0.241350342017809
"nih_1863117","BIOC",0.206813590449954,"NEUR",0.299823020416328
"nih_1863167","BIOC",0.289384336803984,"PHAR",0.542561617775474
"nih_1863176","BIOC",0.211651106567391,"PHAR",0.235948987794078
"nih_1863177","CHEM",0.381279143037177,"CENG",0.463910226580241
"nih_1863178","BIOC",0.62444749276025,"AGRI",0.262475176587192
"nih_1863190","BIOC",0.231404371717762,"CHEM",0.16494617089047
"nih_1863214","CHEM",0.385468888888889,"CHEM",0.426941633554017
"nih_1863216","CHEM",0.424449397957628,"CHEM",0.356276256604038
"nih_1863219","BIOC",0.524661434287473,"MULT",0.238407101390616
"nih_1863223","BIOC",0.567573696145125,"AGRI",0.302724842727737
"nih_1863237","BIOC",0.31566431296161,"IMMU",0.207008549990074
"nih_1863242","BIOC",0.669053819444444,"AGRI",0.264427878144597
"nih_1863260","BIOC",0.361926020408163,"MULT",0.264305513730934
"nih_1863263","BIOC",0.615498611402833,"AGRI",0.216219349570536
"nih_1863265","IMMU",0.214424490653224,"IMMU",0.191540570602032
"nih_1863266","BIOC",0.424869194405869,"MULT",0.151347960193599
"nih_1863275","CHEM",0.2441454056406,"CENG",0.283529243805558
"nih_1863280","MULT",0.381728395061728,"MULT",0.558183504350414
"nih_1863286","BIOC",0.42291498701066,"BIOC",0.174808003546091
"nih_1863290","BIOC",0.305,"MULT",0.322318113789595
"nih_1863298","BIOC",0.4184375,"AGRI",0.272396694325194
"nih_1863303","BIOC",0.457289935364728,"IMMU",0.20689196250064
"nih_1863307","BIOC",0.264279482184888,"NEUR",0.19900593974771
"nih_1863308","BIOC",0.288049768518519,"MULT",0.188325881455383
"nih_1863309","CHEM",0.355882167611846,"CENG",0.386587192642769
"nih_1863312","BIOC",0.443915801614764,"IMMU",0.192999486760409
"nih_1863319","BIOC",0.40492362263565,"CENG",0.2200698258315
"nih_1863322","BIOC",0.7184,"BIOC",0.39539366068803
"nih_1863323","BIOC",0.448152633602461,"CHEM",0.20323454626881
"nih_1863324","BIOC",0.393945062295231,"MEDI",0.185159104674598
"nih_1863325","BIOC",0.343113416165364,"IMMU",0.361086228327644
"nih_1863326","BIOC",0.561114115738237,"BIOC",0.183995225052314
"nih_1863333","CHEM",0.32404728223594,"CENG",0.337261216738676
"nih_1863346","BIOC",0.463861467012066,"MULT",0.17300056806131
"nih_1863349","BIOC",0.51015093537415,"BIOC",0.200787637075828
"nih_1863359","BIOC",0.57009277522098,"BIOC",0.202557791315523
"nih_1863363","CHEM",0.241932817562653,"CHEM",0.212496254597183
"nih_1863364","BIOC",0.558118835769602,"MULT",0.177960960421274
"nih_1863367","BIOC",0.332262014080196,"IMMU",0.381574776773152
"nih_1863368","BIOC",0.532493141289437,"AGRI",0.194191772833331
"nih_1863369","BIOC",0.302932619189314,"MULT",0.26458921663024
"nih_1863375","BIOC",0.255322472126105,"MULT",0.193974808034899
"nih_1863377","BIOC",0.264071517276646,"NEUR",0.35176517594378
"nih_1863389","BIOC",0.432555953540495,"PHAR",0.127557584223864
"nih_1863424","BIOC",0.511844444444444,"BIOC",0.192597940830943
"nih_1863431","MEDI",0.234375,"OTHER",0.238616944146802
"nih_1863435","BIOC",0.507773441485563,"BIOC",0.204877894115289
"nih_1863502","BIOC",0.280159465020576,"NEUR",0.165367224627277
"nih_1863576","BIOC",0.501892361111111,"BIOC",0.146782557654035
"nih_1863714","BIOC",0.223663129251701,"PHAR",0.276323149989958
"nih_1863851","BIOC",0.643229166666667,"BIOC",0.314231370378253
"nih_1863907","BIOC",0.477712031558185,"PHAR",0.168833533197809
"nih_1863931","BIOC",0.465506880596118,"OTHER",0.181702336593423
"nih_1863934","BIOC",0.243007330246914,"MULT",0.260297909924244
"nih_1863974","BIOC",0.283501645998861,"IMMU",0.148829024762858
"nih_1863986","BIOC",0.488206771860618,"BIOC",0.188913570591004
"nih_1864007","OTHER",0.336805555555556,"OTHER",0.495407094595497
"nih_1864076","BIOC",0.400735804525892,"MEDI",0.137515379300553
"nih_1864095","IMMU",0.413304644073875,"IMMU",0.51384688578974
"nih_1864103","IMMU",0.311436339241579,"IMMU",0.357830453220638
"nih_1864105","MEDI",0.426477152828504,"MEDI",0.321391987820693
"nih_1864110","BIOC",0.259955662053564,"PHAR",0.179592595785794
"nih_1864111","BIOC",0.387002743484225,"PHAR",0.238167933156993
"nih_1864123","BIOC",0.409717291255753,"IMMU",0.18337614093388
"nih_1864167","IMMU",0.617088888888889,"IMMU",0.70791472518186
"nih_1864189","IMMU",0.228711111111111,"AGRI",0.249204174470609
"nih_1864202","IMMU",0.347213959944478,"IMMU",0.443065537558027
"nih_1864275","BIOC",0.353911093523282,"PHAR",0.275366519179182
"nih_1864400","BIOC",0.359694762400277,"NEUR",0.179566838767074
"nih_1864452","BIOC",0.483880749465352,"AGRI",0.172175256921816
"nih_1864603","BIOC",0.281301143749591,"PHAR",0.269921436117379
"nih_1864639","BIOC",0.634476832573204,"BIOC",0.191805407504553
"nih_1864696","BIOC",0.547057463290554,"AGRI",0.345538744737931
"nih_1864703","BIOC",0.336553680570775,"OTHER",0.185922015003042
"nih_1864711","BIOC",0.281445074564167,"CHEM",0.208046020521617
"nih_1864759","BIOC",0.326209174262153,"PHAR",0.171697095320497
"nih_1864839","BIOC",0.587424022863583,"BIOC",0.254600136082809
"nih_1865094","BIOC",0.561394380853278,"AGRI",0.306906079155292
"nih_1865102","BIOC",0.543319453575864,"AGRI",0.24184408629685
"nih_1865104","BIOC",0.612431129476584,"BIOC",0.237103458836786
"nih_1865133","BIOC",0.636881510416667,"BIOC",0.212296258929679
"nih_1865283","CHEM",0.282471239449647,"CENG",0.342239106014925
"nih_1865288","BIOC",0.579144620811288,"BIOC",0.214368905526856
"nih_1865319","BIOC",0.284689637627904,"OTHER",0.286165615007337
"nih_1865419","BIOC",0.256913580246914,"PHAR",0.257386676645897
"nih_1865596","CHEM",0.269547325102881,"CHEM",0.268821027605014
"nih_1865675","BIOC",0.324629416036567,"PHAR",0.435139699996647
"nih_1865898","IMMU",0.324197530864198,"IMMU",0.385390485579214
"nih_1865909","NEUR",0.205756867016959,"NEUR",0.353571933757969
"nih_1865977","BIOC",0.706644779590301,"BIOC",0.243179305875502
"nih_1865979","BIOC",0.549297052154195,"CENG",0.175025782384021
"nih_1865986","CHEM",0.366126543209877,"CHEM",0.384423601334957
"nih_1865994","BIOC",0.407116692830979,"CHEM",0.259593581872974
"nih_1865995","BIOC",0.829454193932183,"BIOC",0.415983260713641
"nih_1866114","IMMU",0.532751868992524,"IMMU",0.727293144517213
"nih_1866124","BIOC",0.219270833333333,"AGRI",0.254552600888425
"nih_1866125","BIOC",0.698009259259259,"BIOC",0.267228959539957
"nih_1866381","BIOC",0.712108843537415,"AGRI",0.395988600001124
"nih_1866387","BIOC",0.307951616101527,"IMMU",0.296703304190326
"nih_1866408","BIOC",0.680020811654526,"AGRI",0.293817746727475
"nih_1866550","BIOC",0.467203916452749,"PHAR",0.205892486898405
"nih_1866572","MEDI",0.533425378040763,"MEDI",0.493104672729631
"nih_1866622","BIOC",0.532016534244202,"BIOC",0.156263052885711
"nih_1866808","BIOC",0.362592010444313,"PHAR",0.129489318668509
"nih_1866951","BIOC",0.404604465604267,"MULT",0.172043944455223
"nih_1866990","NEUR",0.321378086419753,"NEUR",0.656862259522657
"nih_1866999","BIOC",0.445810249307479,"PHAR",0.124405108880123
"nih_1867005","BIOC",0.443593964334705,"MEDI",0.181006203122131
"nih_1867042","BIOC",0.419413580246913,"AGRI",0.228593839435891
"nih_1867332","BIOC",0.320656640368179,"NEUR",0.257291574060421
"nih_1867470","BIOC",0.265420376778162,"MULT",0.136043417845339
"nih_1867499","BIOC",0.616559586797682,"BIOC",0.226715109511475
"nih_1867652","BIOC",0.404641881957572,"AGRI",0.484029220989318
"nih_1867781","IMMU",0.337711991114529,"IMMU",0.427827463270894
"nih_1867974","BIOC",0.631507705122865,"MULT",0.303523203598889
"nih_1868056","BIOC",0.468014814814815,"MULT",0.254043802501869
"nih_1868094","IMMU",0.708333333333333,"IMMU",0.807519033652562
"nih_1868148","BIOC",0.622068435217224,"BIOC",0.210439367772668
"nih_1868354","BIOC",0.407202380952381,"PHAR",0.230508583336296
"nih_1868553","CHEM",0.508115831714173,"CHEM",0.411102825985567
"nih_1868561","BIOC",0.444816100240878,"PHAR",0.191545096254102
"nih_1868679","BIOC",0.51904296875,"AGRI",0.302053460702132
"nih_1868703","BIOC",0.508637891199328,"AGRI",0.293844018263496
"nih_1868708","BIOC",0.440978785969334,"IMMU",0.203362871772781
"nih_1868889","MEDI",0.236802012471655,"IMMU",0.170945103410683
"nih_1868897","BIOC",0.349879535147392,"CHEM",0.26734276899828
"nih_1868899","CHEM",0.306353405559755,"CENG",0.345101033118166
"nih_1868923","BIOC",0.243214051835151,"PHAR",0.158721624159677
"nih_1868925","BIOC",0.580060763888889,"MULT",0.227162689858843
"nih_1869025","BIOC",0.427176339285714,"MULT",0.152666924713875
"nih_1869040","BIOC",0.875192366882118,"BIOC",0.565681377246714
"nih_1869058","BIOC",0.510359010758266,"PHAR",0.202511080911846
"nih_1869149","BIOC",0.544318857822724,"AGRI",0.193624482036594
"nih_1869345","BIOC",0.382797731568998,"AGRI",0.647391522978618
"nih_1869355","BIOC",0.765499447738421,"BIOC",0.267094701843485
"nih_1869983","IMMU",0.338101610725309,"IMMU",0.383783503625379
"nih_1869991","BIOC",0.609999399074575,"BIOC",0.231547439261691
"nih_1869994","BIOC",0.38,"MULT",0.38040718357882
"nih_1869995","BIOC",0.398362406550374,"AGRI",0.254603729814835
"nih_1870096","BIOC",0.434256055363322,"NEUR",0.196340058025782
"nih_1870363","MEDI",0.625,"MEDI",0.830929740106534
"nih_1870433","BIOC",0.38357276195114,"PHAR",0.230363317594299
"nih_1870546","BIOC",0.528398611111111,"CENG",0.177273015673773
"nih_1870560","IMMU",0.3180271285947,"IMMU",0.322306237181736
"nih_1870596","BIOC",0.327007348414897,"IMMU",0.238053465883989
"nih_1870653","BIOC",0.469387755102041,"AGRI",0.387965183439034
"nih_1870807","BIOC",0.379049837259996,"PHAR",0.26330758282181
"nih_1870842","IMMU",0.293388429752066,"IMMU",0.357368445206599
"nih_1870853","BIOC",0.323755229058259,"MULT",0.227436185489828
"nih_1870861","MEDI",0.345025470972703,"MEDI",0.268495104311389
"nih_1870864","BIOC",0.678888888888889,"BIOC",0.268707425480624
"nih_1871016","BIOC",0.37482853223594,"AGRI",0.20390474949057
"nih_1871080","BIOC",0.332229132864612,"CENG",0.199097075598201
"nih_1871261","BIOC",0.572214345725688,"BIOC",0.203076518541011
"nih_1871272","BIOC",0.388773468759618,"OTHER",0.184867079093837
"nih_1871621","BIOC",0.356347566574839,"MULT",0.258107687525406
"nih_1871634","BIOC",0.356553819444444,"PHAR",0.204442088585115
"nih_1871777","BIOC",0.215467664930556,"PHAR",0.183663698603772
"nih_1871846","BIOC",0.30448717948718,"OTHER",0.337250503337029
"nih_1871873","BIOC",0.568079185045159,"MULT",0.24676585382181
"nih_1871898","CHEM",0.325635402494331,"CHEM",0.338151916654922
"nih_1872151","MEDI",0.282049992791234,"OTHER",0.268620637794614
"nih_1872191","BIOC",0.394179423282307,"PHAR",0.209251235887308
"nih_1872624","IMMU",0.37880658436214,"IMMU",0.490745672060785
"nih_1872879","IMMU",0.322613894042465,"IMMU",0.318953990149983
"nih_1872937","BIOC",0.843030900723208,"BIOC",0.353888514589827
"nih_1872999","BIOC",0.376594225079074,"IMMU",0.181500974267374
"nih_1873251","BIOC",0.340636460345455,"OTHER",0.241324689543453
"nih_1873519","BIOC",0.425436018028611,"CHEM",0.205077224622434
"nih_1873581","BIOC",0.450659722222222,"MULT",0.336398599701405
"nih_1874203","NEUR",0.296855709876543,"NEUR",0.539334217416624
"nih_1875180","BIOC",0.451687242798354,"MULT",0.182671737982908
"nih_1876102","BIOC",0.597963925645873,"AGRI",0.262260499884003
"nih_1876106","BIOC",0.305347889719552,"MULT",0.285275896746014
"nih_1876117","IMMU",0.332414940828402,"IMMU",0.357294339349588
"nih_1876138","BIOC",0.297932098765432,"AGRI",0.322294912201532
"nih_1876206","BIOC",0.304229535206382,"NEUR",0.404772708380258
"nih_1876339","NEUR",0.253222288320444,"NEUR",0.47990593637611
"nih_1876407","BIOC",0.345925925925926,"PHAR",0.212486912704129
"nih_1876487","MEDI",0.378352490421456,"MEDI",0.284647991227598
"nih_1876555","MEDI",0.283795224622771,"IMMU",0.268930393552268
"nih_1876686","MEDI",0.277887411511234,"MEDI",0.177284639483814
"nih_1876731","BIOC",0.261801708217913,"AGRI",0.31977196701468
"nih_1876792","BIOC",0.418819444444445,"AGRI",0.283666994266981
"nih_1876807","MEDI",0.333415906989034,"OTHER",0.310002238851551
"nih_1876808","BIOC",0.497438700274348,"NEUR",0.153239756112865
"nih_1876836","BIOC",0.384425366443569,"MULT",0.164776085281398
"nih_1876857","BIOC",0.382015461407353,"OTHER",0.193804383082095
"nih_1876861","BIOC",0.537528224112581,"MULT",0.218256752942056
"nih_1876869","BIOC",0.654488888888889,"AGRI",0.273258164929623
"nih_1876977","CHEM",0.246849346745288,"PHAR",0.277013308704476
"nih_1877201","MEDI",0.350633680555556,"MEDI",0.209696868459962
"nih_1877243","BIOC",0.389933333333333,"MEDI",0.169419677663656
"nih_1877275","CHEM",0.413055795415944,"CHEM",0.392958222792665
"nih_1877450","NEUR",0.390927977839335,"NEUR",0.718612577083056
"nih_1877638","CHEM",0.209013542628501,"PHAR",0.208548491832429
"nih_1877790","BIOC",0.543083900226757,"AGRI",0.313427542686835
"nih_1877799","MEDI",0.286125298168667,"IMMU",0.238487453725427
"nih_1877831","IMMU",0.290147569444444,"IMMU",0.330371455262292
"nih_1877883","BIOC",0.280673677793019,"IMMU",0.310906442105613
"nih_1877944","BIOC",0.30680383379247,"IMMU",0.212646212600848
"nih_1878085","BIOC",0.448502629848784,"PHAR",0.131092084146304
"nih_1878171","OTHER",1,"OTHER",1
"nih_1878564","BIOC",0.435327877564035,"MEDI",0.268887954046806
"nih_1878566","MEDI",0.313113436612975,"MEDI",0.241326611568198
"nih_1878576","NEUR",0.250853939258929,"NEUR",0.409982926761972
"nih_1878612","BIOC",0.265754132231405,"PHAR",0.291843136406466
"nih_1878773","BIOC",0.341494845360825,"MULT",0.169259128541938
"nih_1878823","BIOC",0.190527518324721,"PHAR",0.137389457645745
"nih_1878922","BIOC",0.278956827719223,"IMMU",0.174513943804895
"nih_1879132","BIOC",0.529021289888504,"AGRI",0.157147599666192
"nih_1879137","BIOC",0.511657214870825,"CENG",0.189779350366875
"nih_1879138","BIOC",0.474554927995772,"IMMU",0.150528180095172
"nih_1879348","BIOC",0.423696844993141,"OTHER",0.176237723453132
"nih_1879377","BIOC",0.271373981691442,"NEUR",0.251233827628086
"nih_1879395","BIOC",0.564604574550155,"BIOC",0.19638005520785
"nih_1879397","BIOC",0.657610560503048,"BIOC",0.229274475582638
"nih_1879411","BIOC",0.213126277259875,"CENG",0.201298105209909
"nih_1879448","BIOC",0.588477366255144,"AGRI",0.670290190236367
"nih_1879476","BIOC",0.381820243497534,"MULT",0.17544435595401
"nih_1879567","BIOC",0.33533488292011,"IMMU",0.244750012677676
"nih_1879587","BIOC",0.45179584120983,"MULT",0.324863969527293
"nih_1879843","IMMU",0.255209119259595,"IMMU",0.224579254851551
"nih_1879845","CHEM",0.31560987654321,"CENG",0.322804795804086
"nih_1879853","CHEM",0.374324845679012,"CENG",0.402431609181025
"nih_1879891","BIOC",0.586111111111111,"IMMU",0.25255271989742
"nih_1880263","BIOC",0.476476278415337,"NEUR",0.160368479536918
"nih_1880266","BIOC",0.27965172757824,"PHAR",0.198483664592006
"nih_1880314","AGRI",0.321388888888889,"AGRI",0.697515187300539
"nih_1880322","BIOC",0.354604835675934,"IMMU",0.339703317398478
"nih_1880324","BIOC",0.668829296424452,"BIOC",0.221346835219864
"nih_1880327","BIOC",0.53305785123967,"IMMU",0.230167512831132
"nih_1880328","BIOC",0.363254676870748,"MULT",0.251746192753156
"nih_1880397","BIOC",0.440898799606989,"MULT",0.169370334089098
"nih_1880416","BIOC",0.421536894522408,"AGRI",0.182111745607475
"nih_1880450","BIOC",0.60542735042735,"AGRI",0.217885885851797
"nih_1880539","MEDI",0.290927021696252,"IMMU",0.225286120388645
"nih_1880550","IMMU",0.327962962962963,"IMMU",0.387285354019215
"nih_1880571","BIOC",0.547953848927348,"MEDI",0.361755988514129
"nih_1880714","BIOC",0.545099521289998,"AGRI",0.281266062187433
"nih_1880722","BIOC",0.45951076509035,"BIOC",0.14831767756572
"nih_1880733","CHEM",0.443569553805774,"CHEM",0.443589099660983
"nih_1880734","BIOC",0.828888888888889,"BIOC",0.432435529450617
"nih_1880892","BIOC",0.521783264746228,"OTHER",0.186852561185893
"nih_1880940","MEDI",0.509749352376952,"MEDI",0.35431131515243
"nih_1880945","BIOC",0.459452479338843,"MULT",0.315722740781395
"nih_1880956","IMMU",0.334595276726158,"IMMU",0.443458182005224
"nih_1880992","NEUR",0.260510288065844,"NEUR",0.467752465826986
"nih_1881003","BIOC",0.386518959435626,"IMMU",0.179920219344827
"nih_1881159","BIOC",0.395857246709519,"PHAR",0.169601159329629
"nih_1881187","MEDI",0.369878709762707,"MEDI",0.303107516933181
"nih_1881208","BIOC",0.31601856428846,"OTHER",0.21415170743704
"nih_1881249","PHAR",0.252794777223778,"PHAR",0.471280755235254
"nih_1881371","MEDI",0.347760602457392,"MEDI",0.246845590817101
"nih_1881391","BIOC",0.331205733322135,"MULT",0.243624460559549
"nih_1881411","CHEM",0.195997738890594,"PHAR",0.209215427958131
"nih_1881551","CHEM",0.455738177623991,"CENG",0.449061049272385
"nih_1881563","NEUR",0.34908477410493,"NEUR",0.714133945124864
"nih_1881569","BIOC",0.615856881968474,"AGRI",0.203069785668483
"nih_1881574","BIOC",0.496047493071303,"AGRI",0.180070532543239
"nih_1881575","CHEM",0.304505356017643,"CHEM",0.266278120186665
"nih_1881578","BIOC",0.664027777777778,"PHAR",0.281529921089016
"nih_1881584","BIOC",0.449853349187475,"MULT",0.154457098300199
"nih_1881721","MEDI",0.451638431483191,"MEDI",0.295148311074378
"nih_1881727","CHEM",0.310355101367417,"CHEM",0.290890930985285
"nih_1881728","CHEM",0.266841944825484,"CENG",0.385113313009389
"nih_1881747","BIOC",0.49734090499369,"PHAR",0.177681762824762
"nih_1881790","MEDI",0.41943016693833,"MEDI",0.314195843006823
"nih_1881847","NEUR",0.243559254855331,"NEUR",0.475260104962699
"nih_1881995","BIOC",0.210566272058971,"MULT",0.162614683873809
"nih_1882056","BIOC",0.457856859978713,"AGRI",0.175151890039075
"nih_1882154","PHAR",0.2133056640625,"PHAR",0.329349566539196
"nih_1882172","IMMU",0.344912190082645,"IMMU",0.380420650444944
"nih_1882273","BIOC",0.255878508266052,"MULT",0.228515112431837
"nih_1882305","BIOC",0.380333333333333,"MULT",0.189439051297724
"nih_1882493","BIOC",0.264881656804734,"NEUR",0.333300220518572
"nih_1882554","BIOC",0.391758294753086,"CENG",0.306723210339073
"nih_1882754","IMMU",0.223202408457607,"IMMU",0.19788520361183
"nih_1883000","BIOC",0.466547857726294,"NEUR",0.215747247296335
"nih_1883011","BIOC",0.38476148732559,"MULT",0.354964818508277
"nih_1883014","BIOC",0.248125720876586,"OTHER",0.205202496506711
"nih_1883015","CHEM",0.558858431232942,"CHEM",0.727330540515474
"nih_1883034","BIOC",0.336676423324151,"MULT",0.274493184907465
"nih_1883035","OTHER",0.364118343195266,"OTHER",0.572913930318675
"nih_1883046","BIOC",0.355923734385273,"MULT",0.201750978284631
"nih_1883048","BIOC",0.415212733394552,"AGRI",0.232483083946111
"nih_1883051","BIOC",0.419423440453686,"AGRI",0.18452926296227
"nih_1883055","BIOC",0.573194444444444,"MULT",0.345796290931025
"nih_1883058","BIOC",0.417642983119174,"CENG",0.174914896467335
"nih_1883061","CHEM",0.266841165489814,"CENG",0.328176918803055
"nih_1883071","BIOC",0.403952057013282,"IMMU",0.488464713944905
"nih_1883072","BIOC",0.278048136411649,"IMMU",0.291206976678548
"nih_1883074","BIOC",0.57750007979827,"BIOC",0.228485061174896
"nih_1883077","BIOC",0.655797305147955,"BIOC",0.181741603393746
"nih_1883078","BIOC",0.575286428296809,"CENG",0.174529538462675
"nih_1883079","MEDI",0.26420395421436,"NEUR",0.374080178132713
"nih_1883088","BIOC",0.528846153846154,"AGRI",0.518295910290998
"nih_1883094","BIOC",0.362101813747904,"IMMU",0.169118653738373
"nih_1883110","BIOC",0.670811766191137,"BIOC",0.243927439411007
"nih_1883114","BIOC",0.44588673096402,"AGRI",0.160282261118456
"nih_1883128","BIOC",0.520709472849782,"BIOC",0.183242493962924
"nih_1883133","BIOC",0.702998846597462,"BIOC",0.28505792034575
"nih_1883140","BIOC",0.412176244488432,"CENG",0.220425606331179
"nih_1883155","BIOC",0.398798076923077,"MULT",0.444657207900172
"nih_1883188","MEDI",0.474176742169166,"NEUR",0.370601931984435
"nih_1883189","BIOC",0.3946129377677,"NEUR",0.156580621941143
"nih_1883195","BIOC",0.638994050838291,"BIOC",0.269816286222739
"nih_1883204","CHEM",0.456781573817585,"CHEM",0.410856339860846
"nih_1883210","BIOC",0.403572667360389,"AGRI",0.308834254509214
"nih_1883212","MULT",0.182291666666667,"AGRI",0.236225871634766
"nih_1883228","MEDI",0.448086483986588,"MEDI",0.410760672793488
"nih_1883235","BIOC",0.348882797087113,"CHEM",0.194620240030648
"nih_1883238","IMMU",0.455066568047337,"IMMU",0.60677452527773
"nih_1883241","BIOC",0.396909381036365,"OTHER",0.227074742975635
"nih_1883246","BIOC",0.274822485207101,"AGRI",0.234861890918785
"nih_1883247","BIOC",0.601850521880686,"BIOC",0.215637071897504
"nih_1883254","OTHER",0.345983607681756,"OTHER",0.418672128345631
"nih_1883260","BIOC",0.833841385967586,"BIOC",0.418925399413589
"nih_1883264","BIOC",0.639172335600907,"PHAR",0.485360826986799
"nih_1883268","BIOC",0.263728395061728,"OTHER",0.26268706467743
"nih_1883277","BIOC",0.244320130315501,"CENG",0.271022635037515
"nih_1883278","BIOC",0.591109963269054,"CHEM",0.237784778406613
"nih_1883283","BIOC",0.361111111111111,"AGRI",0.251470325526861
"nih_1883522","MEDI",0.438368055555556,"MEDI",0.292894448083321
"nih_1883586","BIOC",0.374355925485533,"IMMU",0.425168109686908
"nih_1883755","NEUR",0.251615881809788,"NEUR",0.429556280846924
"nih_1884018","BIOC",0.394326438058217,"MULT",0.242609525702071
"nih_1884048","BIOC",0.302479303590563,"CHEM",0.206057682144713
"nih_1884066","BIOC",0.574245323129252,"MULT",0.308442704197749
"nih_1884132","BIOC",0.228116064976278,"IMMU",0.178486944018719
"nih_1884148","IMMU",0.31468621399177,"IMMU",0.450400075586477
"nih_1884338","NEUR",0.22201402586018,"NEUR",0.374021685260853
"nih_1884429","BIOC",0.203418686175888,"PHAR",0.290187563622076
"nih_1884510","NEUR",0.284407864654778,"NEUR",0.505393229178905
"nih_1884558","BIOC",0.491726119698771,"AGRI",0.293527183408995
"nih_1884566","BIOC",0.445181932966024,"PHAR",0.531947390268733
"nih_1884576","OTHER",0.866946088099934,"OTHER",0.955626115818074
"nih_1884664","BIOC",0.509938131631253,"MULT",0.222292282714174
"nih_1884668","BIOC",0.338070987654321,"MEDI",0.187547921960086
"nih_1884925","BIOC",0.203599577085736,"NEUR",0.326800796673019
"nih_1884985","BIOC",0.492951388888889,"AGRI",0.220308498483483
"nih_1885067","BIOC",0.185584997952607,"CENG",0.155143877595519
"nih_1885090","BIOC",0.225717930461612,"AGRI",0.162898304974741
"nih_1885103","BIOC",0.24574845261703,"AGRI",0.486737003509895
"nih_1885108","BIOC",0.450911458333333,"AGRI",0.624043149524533
"nih_1885109","BIOC",0.517975915423931,"PHAR",0.194089380939423
"nih_1885119","BIOC",0.238405206516248,"NEUR",0.306135122713605
"nih_1885134","BIOC",0.402271468144044,"MULT",0.173676021821399
"nih_1885223","BIOC",0.324788411458333,"PHAR",0.32537479956822
"nih_1885232","BIOC",0.451388888888889,"AGRI",0.193559387138678
"nih_1885282","BIOC",0.521193771626298,"MULT",0.202553168878246
"nih_1885391","BIOC",0.637641059027778,"BIOC",0.296609051571364
"nih_1885431","BIOC",0.389756944444445,"CHEM",0.186367992488922
"nih_1885647","BIOC",0.236418947318569,"CENG",0.174304484400396
"nih_1885825","BIOC",0.441080729166667,"NEUR",0.310827451955484
"nih_1885900","BIOC",0.631439830834294,"OTHER",0.279505970703256
"nih_1885915","BIOC",0.463757396449704,"PHAR",0.368599518249448
"nih_1886130","BIOC",0.503420857988166,"AGRI",0.225300012869688
"nih_1886222","BIOC",0.330285017527816,"CHEM",0.151623223945701
"nih_1886379","CHEM",0.463243016173073,"CENG",0.513054442250614
"nih_1886400","BIOC",0.251533445247934,"PHAR",0.231263265155941
"nih_1886589","IMMU",0.276788053192801,"IMMU",0.305319599539535
"nih_1887015","BIOC",0.473922902494331,"NEUR",0.302361752450484
"nih_1887016","BIOC",0.302801111922734,"PHAR",0.150775243940091
"nih_1887138","BIOC",0.352407193814345,"NEUR",0.26087893878631
"nih_1887314","BIOC",0.242811414930556,"AGRI",0.319455184206092
"nih_1887344","BIOC",0.415893728395062,"MEDI",0.303926120341864
"nih_1887427","BIOC",0.5291990550221,"IMMU",0.193704758270838
"nih_1887597","BIOC",0.516573711482932,"AGRI",0.187770840028032
"nih_1887602","BIOC",0.353055555555556,"IMMU",0.344058605261798
"nih_1887605","BIOC",0.361669141852924,"MEDI",0.141248518561318
"nih_1887617","BIOC",0.577546296296296,"AGRI",0.497419378592774
"nih_1887625","BIOC",0.421936573465941,"CENG",0.165074301812594
"nih_1887659","BIOC",0.414715335169881,"NEUR",0.324584298531077
"nih_1887673","BIOC",0.666253798388162,"AGRI",0.234753083945912
"nih_1887684","BIOC",1,"BIOC",1
"nih_1887689","BIOC",0.755917159763314,"BIOC",0.312881885162542
"nih_1887690","BIOC",0.328055555555556,"MULT",0.271030257148924
"nih_1887694","BIOC",0.324862617653811,"AGRI",0.305195796854095
"nih_1887698","BIOC",0.46358789919396,"AGRI",0.182661446643496
"nih_1887701","BIOC",0.537768162970975,"MULT",0.337587818378238
"nih_1887712","BIOC",0.30084940312213,"MULT",0.174067658602624
"nih_1887713","BIOC",0.549866666666667,"AGRI",0.292301829617888
"nih_1887720","BIOC",0.658139650008663,"AGRI",0.285566217902801
"nih_1887728","BIOC",0.626671810699588,"BIOC",0.269484715277005
"nih_1887730","BIOC",0.617730333639425,"AGRI",0.44327482075316
"nih_1887731","IMMU",0.486928104575163,"IMMU",0.67600134224534
"nih_1887735","BIOC",0.680072499669705,"BIOC",0.227405037423387
"nih_1887738","IMMU",0.41509196271101,"IMMU",0.576901594364156
"nih_1887745","BIOC",0.309775762156715,"MULT",0.265994731962886
"nih_1887760","BIOC",0.477810650887574,"MULT",0.323680023955841
"nih_1887763","BIOC",0.201200111558864,"IMMU",0.145260436183525
"nih_1887786","BIOC",0.377653856490191,"IMMU",0.42793149754873
"nih_1887802","BIOC",0.332204319285173,"AGRI",0.197753221666238
"nih_1887804","BIOC",0.471010802469136,"MEDI",0.175103906304842
"nih_1887805","BIOC",0.554642445213379,"MULT",0.212199130768187
"nih_1887823","BIOC",0.315233333333333,"MULT",0.273962612588121
"nih_1887827","BIOC",0.47702441858286,"AGRI",0.224466120138616
"nih_1887845","BIOC",0.829380975271057,"BIOC",0.386807711623348
"nih_1887862","BIOC",0.293103448275862,"IMMU",0.307971037540247
"nih_1887937","BIOC",0.350830444444444,"AGRI",0.16805310477875
"nih_1887989","NEUR",0.285455723212925,"NEUR",0.593159268744453
"nih_1888135","BIOC",0.755190311418685,"BIOC",0.30170008879563
"nih_1888209","BIOC",0.475843398583923,"MULT",0.277559436571203
"nih_1888259","BIOC",0.573863636363636,"AGRI",0.334258485443554
"nih_1888597","BIOC",0.529382310527159,"MULT",0.222556861236517
"nih_1888635","BIOC",0.700443786982249,"NEUR",0.380795455914507
"nih_1888671","BIOC",0.424437905537951,"NEUR",0.341763476153218
"nih_1888698","MEDI",0.308320473251029,"MEDI",0.226853890900776
"nih_1888832","IMMU",0.390269338348765,"IMMU",0.475275557560994
"nih_1888968","IMMU",0.548828125,"IMMU",0.863899501035186
"nih_1889158","NEUR",0.234895833333333,"NEUR",0.420627350956785
"nih_1889274","MEDI",0.712333526963873,"MEDI",0.614859647142973
"nih_1889808","BIOC",0.649809284255028,"BIOC",0.181235302918113
"nih_1889809","BIOC",0.458514995375875,"AGRI",0.300429593443262
"nih_1889950","BIOC",0.519768133174792,"AGRI",0.209683565988982
"nih_1890226","BIOC",0.2611419053218,"IMMU",0.266463767105358
"nih_1890742","BIOC",0.423811983471074,"CENG",0.182696617122329
"nih_1890744","BIOC",0.266117969821674,"NEUR",0.25675857861687
"nih_1890767","BIOC",0.322847222222222,"IMMU",0.316210167106245
"nih_1890979","BIOC",0.235442176870748,"NEUR",0.371302785649143
"nih_1891111","BIOC",0.414073673457124,"NEUR",0.1539157306542
"nih_1891116","BIOC",0.44026622994877,"AGRI",0.177333115801902
"nih_1891230","BIOC",0.344490612496153,"MEDI",0.224650498984442
"nih_1891234","BIOC",0.434786358153216,"BIOC",0.112829189409231
"nih_1891259","BIOC",0.412061076896242,"CHEM",0.196158905584234
"nih_1891266","CHEM",0.451393055555556,"CHEM",0.436512130254197
"nih_1891526","BIOC",0.365740740740741,"PHAR",0.498547287008049
"nih_1891684","IMMU",0.280598958333333,"IMMU",0.317822437790404
"nih_1891687","IMMU",0.301575963718821,"IMMU",0.416862562750673
"nih_1891728","IMMU",0.34761316872428,"IMMU",0.372399836993758
"nih_1891737","IMMU",0.310534979423868,"IMMU",0.332906822695884
"nih_1892179","BIOC",0.402390207783794,"OTHER",0.227141397383163
"nih_1892568","BIOC",0.277104591836735,"CHEM",0.170347241768769
"nih_1892987","BIOC",0.397731481481481,"MULT",0.193868733349186
"nih_1893214","BIOC",0.258209041507689,"MULT",0.190572423356894
"nih_1893416","NEUR",0.225878393134723,"NEUR",0.424954420410072
"nih_1893611","IMMU",0.446005917159763,"IMMU",0.590225972538381
"nih_1893645","BIOC",0.59912109375,"MULT",0.270849911980517
"nih_1893646","BIOC",0.399356919789612,"CENG",0.19570823694414
"nih_1893649","BIOC",0.536860879904875,"MEDI",0.388060751937149
"nih_1893656","BIOC",0.728085351787774,"AGRI",0.346940642886293
"nih_1893657","BIOC",0.549444444444444,"BIOC",0.202507012062003
"nih_1893664","OTHER",0.230399318237156,"OTHER",0.247571472972055
"nih_1893671","BIOC",0.262586805555556,"NEUR",0.423533296518025
"nih_1893677","BIOC",0.354079918182482,"OTHER",0.260337041517719
"nih_1893684","BIOC",0.653139091224419,"MULT",0.308817272722193
"nih_1893686","BIOC",0.536078238001315,"BIOC",0.171044959458625
"nih_1893689","BIOC",0.640151515151515,"BIOC",0.249440693220891
"nih_1893697","BIOC",0.3427734375,"MULT",0.247032452142966
"nih_1893704","BIOC",0.331205733322135,"AGRI",0.416793188674263
"nih_1893710","BIOC",0.652199074074074,"BIOC",0.271956994862066
"nih_1893719","BIOC",0.357907253269917,"NEUR",0.212675118474087
"nih_1893740","BIOC",0.337243741033828,"MULT",0.163737308835186
"nih_1893745","IMMU",0.315466666666667,"IMMU",0.339299594372052
"nih_1893753","BIOC",0.324274691358025,"IMMU",0.295198790802668
"nih_1893769","IMMU",0.3416646888968,"IMMU",0.391370703207918
"nih_1893773","BIOC",0.600873850530915,"BIOC",0.18902715041381
"nih_1893780","CHEM",0.392026687805523,"CHEM",0.376656129774512
"nih_1893782","BIOC",0.359158950617284,"AGRI",0.31789670154911
"nih_1893784","BIOC",0.47236425614804,"MULT",0.281647189253138
"nih_1893802","OTHER",0.281054084683642,"OTHER",0.310008039234007
"nih_1893807","BIOC",0.325221916131007,"MULT",0.330014758086218
"nih_1893922","BIOC",0.294648977435848,"CHEM",0.152201156009059
"nih_1893932","BIOC",0.754876033057851,"BIOC",0.389665191069834
"nih_1893935","BIOC",0.465541971176832,"MEDI",0.188999238578515
"nih_1894052","BIOC",0.55335013652594,"BIOC",0.212205137903078
"nih_1894124","BIOC",0.36858024691358,"OTHER",0.140350696798677
"nih_1894180","BIOC",0.577425733024691,"PHAR",0.203287244424157
"nih_1894197","IMMU",0.295460556767837,"IMMU",0.35504377556091
"nih_1894213","BIOC",0.324246732350283,"MULT",0.20755558789491
"nih_1894339","BIOC",0.590625,"BIOC",0.251050595430299
"nih_1894509","NEUR",0.436875,"NEUR",0.789366658921062
"nih_1894530","BIOC",0.702619236358832,"BIOC",0.226891361020556
"nih_1894753","BIOC",0.609451234847342,"BIOC",0.192586728472792
"nih_1894756","BIOC",0.579683333333333,"CENG",0.240181280342266
"nih_1895501","BIOC",0.484906462585034,"MULT",0.205283198384705
"nih_1895525","BIOC",0.485138888888889,"MULT",0.265363969621639
"nih_1895526","PHAR",0.588707251608126,"PHAR",0.898395909642685
"nih_1895692","NEUR",0.50165752171925,"NEUR",0.814560021491295
"nih_1895812","BIOC",0.588452467543917,"AGRI",0.209222314466599
"nih_1896260","BIOC",0.549774531908636,"BIOC",0.187373911887187
"nih_1896261","BIOC",0.404164218697146,"PHAR",0.161467106856103
"nih_1896269","BIOC",0.59940138626339,"BIOC",0.246321933120306
"nih_1896346","BIOC",0.343791091387245,"NEUR",0.149827801030043
"nih_1896477","BIOC",0.567138888888889,"BIOC",0.165811296814379
"nih_1896493","BIOC",0.379380967881944,"CHEM",0.254769802728202
"nih_1896497","BIOC",0.350833333333333,"IMMU",0.302895671204176
"nih_1896739","BIOC",0.5,"OTHER",0.362849548311558
"nih_1896752","MEDI",0.349806347769227,"NEUR",0.293861271162891
"nih_1896835","BIOC",0.286960669430924,"AGRI",0.382485025059371
"nih_1896958","BIOC",0.6880276816609,"BIOC",0.209460164500993
"nih_1896981","BIOC",0.376444024364629,"NEUR",0.235766667601218
"nih_1897052","CHEM",0.27510961457677,"CENG",0.333267814143159
"nih_1897065","CHEM",0.31101416705224,"CENG",0.346686013985239
"nih_1897079","PHAR",0.2969192990931,"PHAR",0.529619472207981
"nih_1897080","BIOC",0.420010214178557,"MULT",0.181126197269
"nih_1897177","BIOC",0.507121741467348,"MEDI",0.297380430460187
"nih_1897194","BIOC",0.25497080603197,"PHAR",0.250306905949626
"nih_1897706","BIOC",0.384475863063391,"CHEM",0.241562736925459
"nih_1897909","BIOC",0.411344023410672,"NEUR",0.264122718001352
"nih_1898054","BIOC",0.35593306805428,"MEDI",0.176669796971737
"nih_1898073","BIOC",0.358732989826926,"MEDI",0.196175849899691
"nih_1898145","MEDI",0.305734457649371,"AGRI",0.210732058542788
"nih_1898240","BIOC",0.477324263038549,"MULT",0.195344628651107
"nih_1898249","BIOC",0.37909968516086,"MEDI",0.140862126967708
"nih_1898255","BIOC",0.683511692429647,"BIOC",0.22679504280533
"nih_1898291","BIOC",0.520661157024793,"AGRI",0.290997374032293
"nih_1898316","OTHER",0.311798053840878,"OTHER",0.381695727287509
"nih_1898331","BIOC",0.686810953614794,"BIOC",0.255349845935363
"nih_1898335","MULT",0.284722222222222,"NEUR",0.476901625892811
"nih_1898342","BIOC",0.462585034013606,"MULT",0.247413179104008
"nih_1898347","BIOC",0.541779340183883,"BIOC",0.176252645047793
"nih_1898348","BIOC",0.400627483526986,"IMMU",0.165958572395457
"nih_1898349","BIOC",0.608333333333333,"AGRI",0.341517416984005
"nih_1898361","BIOC",0.384416505077042,"CENG",0.233821953439211
"nih_1898362","BIOC",0.385309056473829,"MEDI",0.180007725266589
"nih_1898364","CHEM",0.260416666666667,"CENG",0.453781806932542
"nih_1898369","BIOC",1,"BIOC",1
"nih_1898379","BIOC",0.462389041934496,"MEDI",0.20808350864878
"nih_1898382","BIOC",0.321385930185063,"MULT",0.178026638633345
"nih_1898387","CHEM",0.217928392125776,"CENG",0.257644511060739
"nih_1898405","BIOC",0.488009259259259,"MULT",0.21487922490057
"nih_1898409","BIOC",0.68005540166205,"AGRI",0.344587891876815
"nih_1898413","BIOC",0.466870540265036,"MULT",0.199287585474677
"nih_1898420","BIOC",0.429374750845518,"OTHER",0.199173652359003
"nih_1898423","CHEM",0.251112845415655,"CENG",0.396689773594114
"nih_1898436","MEDI",0.298005911087987,"PHAR",0.344509599059912
"nih_1898437","BIOC",0.500501762001447,"BIOC",0.159042874900679
"nih_1898452","BIOC",0.311668113425926,"PHAR",0.180893231835392
"nih_1898453","BIOC",0.603333333333333,"AGRI",0.403669044310609
"nih_1898754","OTHER",0.198254243827161,"NEUR",0.299321698143245
"nih_1898854","MEDI",0.388888888888889,"OTHER",0.502094170954434
"nih_1898899","BIOC",0.384425977223761,"AGRI",0.221932359852272
"nih_1898919","BIOC",0.677190082644628,"BIOC",0.335855661560244
"nih_1898932","BIOC",0.315032153402659,"PHAR",0.306604058483617
"nih_1899028","IMMU",0.317246055226824,"IMMU",0.399461809714066
"nih_1899031","IMMU",0.289984075476233,"IMMU",0.323225377169393
"nih_1899034","IMMU",0.544773011245315,"IMMU",0.752674281323949
"nih_1899905","BIOC",0.640317786922725,"BIOC",0.239874912997539
"nih_1900165","BIOC",0.507275132275132,"BIOC",0.196338778949484
"nih_1900251","BIOC",0.444637345679012,"MULT",0.162977363832422
"nih_1900441","BIOC",0.542831647828673,"MULT",0.263956949637672
"nih_1900442","BIOC",0.49890422967346,"AGRI",0.296377467045696
"nih_1901068","BIOC",0.462313595190064,"MULT",0.191905374815242
"nih_1901104","BIOC",0.342379663257298,"MULT",0.161372395609968
"nih_1901148","BIOC",0.538007915988381,"BIOC",0.186730251922371
"nih_1901433","BIOC",0.233773833004602,"MULT",0.213516629408406
"nih_1901655","BIOC",0.470521541950113,"NEUR",0.2149895949358
"nih_1901666","BIOC",0.353138572552238,"MULT",0.159465528006201
"nih_1901667","BIOC",0.736289061588368,"BIOC",0.271530445315188
"nih_1901669","MEDI",0.5,"PHAR",0.728677642951365
"nih_1901680","BIOC",0.694204152249135,"BIOC",0.379877924908285
"nih_1901683","BIOC",0.410380397289181,"IMMU",0.148563121056219
"nih_1901686","BIOC",0.498504513165625,"OTHER",0.204528207385073
"nih_1901724","BIOC",0.375,"NEUR",0.630987074866888
"nih_1901879","OTHER",0.355663306304332,"OTHER",0.430255706335437
"nih_1901955","BIOC",0.308513450988168,"MULT",0.280977775645086
"nih_1902031","BIOC",0.464234415397874,"CENG",0.139279590986095
"nih_1902089","MEDI",0.332514487276392,"MEDI",0.198025321055735
"nih_1902274","BIOC",0.380074025373171,"MULT",0.221739837623213
"nih_1903013","BIOC",0.309283763915144,"NEUR",0.389225175850631
"nih_1903163","BIOC",0.352391333069098,"CHEM",0.298702584122404
"nih_1903214","IMMU",0.393129509934681,"IMMU",0.495739947227533
"nih_1905123","BIOC",0.381091157319891,"NEUR",0.343065700364257
"nih_1912376","BIOC",0.780325443786982,"PHAR",0.492744715575483
"nih_1912633","BIOC",0.333333333333333,"MULT",0.334349677423261
"nih_1915712","BIOC",0.371958218549128,"MEDI",0.234671609130883
"nih_1916052","BIOC",0.451857591062137,"IMMU",0.185447020633677
"nih_1918530","BIOC",0.3837890625,"MEDI",0.309562562254842
"nih_1921644","BIOC",0.528587745229777,"AGRI",0.206251361025405
"nih_1921962","BIOC",0.452751882646062,"MULT",0.166013526401246
"nih_1922833","BIOC",0.244146005509642,"IMMU",0.165457400492657
"nih_1922866","BIOC",0.582144339110728,"MULT",0.22485184707788
"nih_1922998","BIOC",0.25026867171194,"CENG",0.202224584906798
"nih_1923696","BIOC",0.224782443576389,"NEUR",0.182578753322871
"nih_1923715","MEDI",0.371903079617726,"MEDI",0.233413198555652
"nih_1924132","BIOC",0.582533150434385,"AGRI",0.222562789139294
"nih_1924153","BIOC",0.444777880373448,"MULT",0.240048953681239
"nih_1924755","BIOC",0.389807162534435,"AGRI",0.283191078201456
"nih_1924909","BIOC",0.496055226824458,"MULT",0.242693093911604
"nih_1925088","BIOC",0.578510906796467,"BIOC",0.214618707648506
"nih_1925564","BIOC",0.312358276643991,"IMMU",0.216690344940105
"nih_1925851","BIOC",0.455555555555556,"MULT",0.256248446800761
"nih_1925859","BIOC",0.448224852071006,"AGRI",0.313344285828025
"nih_1925912","BIOC",0.385764207733905,"AGRI",0.214455028626083
"nih_1926097","MEDI",0.536392129311941,"MEDI",0.408046948288675
"nih_1926481","MEDI",0.299211157166306,"OTHER",0.248563389816205
"nih_1926731","NEUR",0.448224852071006,"NEUR",0.761784677750166
"nih_1926872","BIOC",0.75343679138322,"BIOC",0.257644775498341
"nih_1927510","BIOC",0.51796343537415,"AGRI",0.31957188081563
"nih_1928078","BIOC",0.387674897119342,"CENG",0.121737012121376
"nih_1928374","BIOC",0.296053974084277,"NEUR",0.396324347400916
"nih_1928383","BIOC",0.424427083333333,"AGRI",0.422766224615352
"nih_1928457","BIOC",0.274708501399634,"IMMU",0.277640189943266
"nih_1928507","BIOC",0.775740740740741,"BIOC",0.3400651677623
"nih_1929380","BIOC",0.529308163195513,"BIOC",0.165063895306619
"nih_1929498","BIOC",0.563327032136106,"AGRI",0.380098594347854
"nih_1929748","BIOC",0.666351606805293,"MULT",0.316213517966448
"nih_1929976","BIOC",0.437253451676529,"IMMU",0.156851392781795
"nih_1930482","BIOC",0.371818320377991,"AGRI",0.185336056649819
"nih_1931088","BIOC",0.526864035087719,"BIOC",0.196874561312106
"nih_1931123","BIOC",0.279155555555555,"AGRI",0.29854136665136
"nih_1931229","BIOC",0.688405797101449,"MULT",0.337927411104628
"nih_1931281","BIOC",0.498515752178493,"MULT",0.247445076439935
"nih_1935794","BIOC",0.333333333333333,"MULT",0.475154836201794
"nih_1940235","BIOC",0.594289113622843,"MULT",0.224333177874949
"nih_1940279","BIOC",0.869088811995386,"BIOC",0.400562203258639
"nih_1940498","BIOC",0.772581254724112,"BIOC",0.311041384694025
"nih_1940958","BIOC",0.446782879818594,"AGRI",0.229130271382093
"nih_1946121","IMMU",0.287699310899854,"IMMU",0.323409557868627
"nih_1950624","BIOC",0.233955560343452,"CENG",0.187626070349695
"nih_1955021","BIOC",0.178425155238473,"AGRI",0.312960573619578
"nih_1955185","BIOC",0.711593250054788,"AGRI",0.403500968736654
"nih_1955188","BIOC",0.315917447797592,"IMMU",0.331813383319826
"nih_1955194","BIOC",0.568444136657433,"AGRI",0.633786580570272
"nih_1955425","BIOC",0.293740498380594,"PHAR",0.189926004431129
"nih_1955627","CHEM",0.263562885802469,"CHEM",0.278202005990239
"nih_1956278","BIOC",0.427642388143983,"NEUR",0.168200080349492
"nih_1963356","BIOC",0.41665577448834,"AGRI",0.160976369905919
"nih_1964273","BIOC",0.359156397906632,"NEUR",0.168636450693896
"nih_1964353","BIOC",0.625107610192837,"BIOC",0.244313912439313
"nih_1964364","BIOC",0.282528069908042,"CENG",0.243136569620251
"nih_1964439","CHEM",0.462829113126732,"CHEM",0.369034778692821
"nih_1964483","IMMU",0.349826388888889,"IMMU",0.470783458381991
"nih_1964508","BIOC",0.428588888888889,"AGRI",0.260485016868516
"nih_1964524","IMMU",0.229600377404431,"IMMU",0.21418612736896
"nih_1964607","BIOC",0.536137009852542,"BIOC",0.16851381891423
"nih_1964621","BIOC",0.301506316812439,"NEUR",0.279746634470882
"nih_1964851","BIOC",0.6325,"AGRI",0.325559956823648
"nih_1964871","BIOC",0.369576188119292,"AGRI",0.316668487271091
"nih_1964879","BIOC",0.407407407407407,"NEUR",0.417565765760549
"nih_1964913","BIOC",0.484848484848485,"MULT",0.177663895592624
"nih_1965001","BIOC",0.325025826446281,"AGRI",0.531334739042785
"nih_1965035","BIOC",0.417916186082276,"MEDI",0.30876132204412
"nih_1965058","BIOC",0.506574081325432,"MULT",0.190438124277639
"nih_1965098","BIOC",0.404614325068871,"AGRI",0.241395184828768
"nih_1965221","BIOC",0.540534285525359,"BIOC",0.183802663738483
"nih_1965444","BIOC",0.191828254847645,"PHAR",0.183119750751737
"nih_1967618","BIOC",0.572731755424063,"NEUR",0.285882459776477
"nih_1968362","BIOC",0.321277326450023,"OTHER",0.177622734970963
"nih_1968808","IMMU",0.558171745152355,"IMMU",0.705091269589668
"nih_1969455","IMMU",0.285794708200413,"IMMU",0.370421483998651
"nih_1969635","MEDI",0.188971247471904,"AGRI",0.202862661651294
"nih_1969643","IMMU",0.625,"IMMU",0.908572279017616
"nih_1970221","CHEM",0.2388916015625,"CENG",0.264172251292059
"nih_1971652","MEDI",0.425167245108395,"MEDI",0.355487611284121
"nih_1973518","BIOC",0.408685306365259,"AGRI",0.279747137260664
"nih_1975934","BIOC",0.370727023319616,"MULT",0.215057570352584
"nih_1978704","OTHER",0.422893709825528,"OTHER",0.629596145604337
"nih_1991213","OTHER",0.350535005668934,"OTHER",0.352546396520126
"nih_2059300","OTHER",0.26066628907967,"CENG",0.325073248866653
"nih_2063694","NEUR",0.219826161676251,"NEUR",0.411699779638264
"nih_2081368","BIOC",0.257179260253906,"PHAR",0.202210117494155
"nih_2081464","MEDI",0.375144525378657,"MEDI",0.258430941267308
"nih_2083900","BIOC",0.321072048611111,"NEUR",0.424299349493768
"nih_2090870","NEUR",0.292375551354757,"NEUR",0.598918531062258
"nih_2091450","BIOC",0.502890625,"AGRI",0.258349752041036
"nih_2091631","BIOC",0.518229166666667,"AGRI",0.179507899858983
"nih_2093298","BIOC",0.537183139747242,"BIOC",0.174951760875381
"nih_2100210","BIOC",0.497533127834467,"MULT",0.240546990845196
"nih_2105478","BIOC",0.365953109072375,"OTHER",0.188354415151088
"nih_2106767","BIOC",0.235248691764467,"IMMU",0.226789448636545
"nih_2132494","BIOC",0.252631950451749,"PHAR",0.21145930462849
"nih_2165137","BIOC",0.618359375,"AGRI",0.253516212471036
"nih_2174668","BIOC",0.597448979591837,"BIOC",0.21567201278105
"nih_2180106","BIOC",0.310838493776193,"CENG",0.243599950783825
"nih_2201674","MEDI",0.59375,"MEDI",0.475629938257298
"nih_2204334","BIOC",0.255308513450988,"OTHER",0.219596078913347
"nih_2211633","BIOC",0.43313160080693,"MULT",0.191206416263568
"nih_2212695","BIOC",0.268858430946343,"CHEM",0.182369126477535
"nih_2261585","BIOC",0.770907649623464,"BIOC",0.347464223901831
"nih_2278093","OTHER",0.2671875,"CENG",0.334056790346209
"nih_2279756","BIOC",0.801200977787225,"BIOC",0.470821663893958
"nih_2401605","BIOC",0.369047619047619,"CENG",0.313054199293911
"nih_2408887","MEDI",0.430307834588453,"PHAR",0.345948891542812
"nih_2412815","MEDI",0.320189841746419,"MULT",0.295958355799397
"nih_2414009","IMMU",0.256710282752557,"IMMU",0.279412895538283
"nih_2415974","OTHER",0.271289316493641,"OTHER",0.300257487736416
"nih_2418842","MEDI",0.309640522875817,"IMMU",0.287872509517305
"nih_2419166","BIOC",0.598309944167798,"MULT",0.396636394363231
"nih_2419797","BIOC",0.472750865051903,"MULT",0.28217205883996
"nih_2424126","BIOC",0.317842914457257,"OTHER",0.173178405906952
"nih_2427729","BIOC",0.532356109572176,"BIOC",0.197844124285726
"nih_2430585","BIOC",0.401321597317482,"PHAR",0.196238729225786
"nih_2432142","BIOC",0.3846875,"MULT",0.190511152256163
"nih_2448085","BIOC",0.306396107748902,"NEUR",0.259777691836736
"nih_2452885","BIOC",0.338580729166667,"NEUR",0.293743214158413
"nih_2534404","BIOC",0.325017248719191,"OTHER",0.142267665675858
"nih_2787897","BIOC",0.441635887965528,"MULT",0.197802916837355
"nih_2787922","BIOC",0.311932714098758,"OTHER",0.204338366293892
"nih_2793446","BIOC",0.35930993456276,"MULT",0.219339319711219
"nih_2793451","BIOC",0.536699603233584,"AGRI",0.209324126529735
"nih_2967455","AGRI",0.333333333333333,"AGRI",0.716740336777829
"nih_3052045","BIOC",0.441266299357208,"IMMU",0.269526192320795
"nih_3052845","BIOC",0.624674556213018,"AGRI",0.279722830090965
"nih_3054378","BIOC",0.415956497037578,"IMMU",0.161206639143811
"nih_3054829","CHEM",0.306396484375,"CENG",0.423711165407687
"nih_3058423","CHEM",0.306394077159664,"CHEM",0.297037184804479
"nih_3095885","CHEM",0.414908411281179,"CHEM",0.396919819175383
"nih_3102492","MEDI",0.415534297818641,"MEDI",0.307958904425497
"nih_3119619","BIOC",0.275693040692297,"AGRI",0.262140011825849
"nih_3131262","BIOC",0.530824829931973,"IMMU",0.226489143147585
"nih_3134496","IMMU",0.399753533524471,"IMMU",0.55169179846091
"nih_3169176","BIOC",0.41901027582477,"MEDI",0.232308878668071
"nih_6064491","IMMU",0.342277651801461,"IMMU",0.477096508166125
"nih_6074450","BIOC",0.247194057585352,"IMMU",0.177249737827472
"nih_6089740","BIOC",0.262027685223749,"IMMU",0.176856169705551
"nih_6106905","BIOC",0.621548421191703,"BIOC",0.17413272393793
"nih_6107732","BIOC",0.332341311134235,"CENG",0.346714662189739
"nih_6108509","BIOC",0.545657096939148,"BIOC",0.187412650614535
"nih_6108679","BIOC",0.422515324931413,"AGRI",0.155207846847872
"nih_6116742","BIOC",0.5623189090451,"MULT",0.256328126993252
"nih_6133591","MULT",0.278014947475589,"MULT",0.360359103375018
"nih_6139526","IMMU",0.267867867060826,"IMMU",0.275103495263893
"nih_6167174","BIOC",0.324762779308234,"IMMU",0.413007438151438
"nih_6174570","IMMU",0.275132659150659,"IMMU",0.324412219197954
"nih_6189103","CHEM",1,"CHEM",1
"nih_6199929","BIOC",0.498077836218862,"AGRI",0.354702511173748
"nih_6223756","PHAR",0.366577398664286,"PHAR",0.719870493039419
"nih_6225979","BIOC",0.325642791551882,"NEUR",0.462891657268151
"nih_6228781","BIOC",0.608729338842975,"BIOC",0.217470111493155
"nih_6238739","PHAR",0.29172382258802,"PHAR",0.515422919936992
"nih_6244533","BIOC",0.380177514792899,"CENG",0.162413392592051
"nih_6256752","IMMU",0.312616317086666,"IMMU",0.381021716422159
"nih_6296838","BIOC",0.305629646564717,"IMMU",0.195218206215038
"nih_6298240","IMMU",0.319198751300728,"IMMU",0.400968204535696
"nih_6319575","BIOC",0.299826467481515,"PHAR",0.19595411114103
"nih_6320746","BIOC",0.447758407430745,"MULT",0.238598075376229
"nih_6350682","BIOC",0.396519674877605,"MULT",0.163410165109845
"nih_6356426","MEDI",0.303086434732434,"OTHER",0.356850867974569
"nih_6364234","BIOC",0.704728950403691,"AGRI",0.352916473189127
"nih_6375166","BIOC",0.505538735101884,"BIOC",0.166325019409961
"nih_6380746","BIOC",0.564102564102564,"NEUR",0.219513683503165
"nih_6404316","AGRI",0.333333333333333,"AGRI",0.716740336777829
"nih_6406075","BIOC",0.438139381985536,"MULT",0.26576770215186
"nih_6409573","BIOC",0.556773543515968,"BIOC",0.168302665337996
"nih_6466329","BIOC",0.327039930555556,"OTHER",0.428893147585111
"nih_6477169","BIOC",0.599122538516478,"AGRI",0.229981561227587
"nih_6483246","BIOC",0.638313609467456,"MULT",0.300198858424752
"nih_6484112","BIOC",0.383431416930738,"MULT",0.155207595974214
"nih_6488610","BIOC",0.462499038831219,"BIOC",0.140822191062233
"nih_6530013","BIOC",0.512755102040816,"AGRI",0.547944678082836
"nih_6598163","BIOC",0.222222222222222,"NEUR",0.308224940843324
"nih_6619701","BIOC",0.660973044049967,"BIOC",0.228906770889258
"nih_6620309","BIOC",0.295857577939994,"OTHER",0.19720196972374
"nih_6646931","BIOC",0.375714473117071,"OTHER",0.303274149803096
"nih_6667062","CHEM",0.37636327582788,"CHEM",0.332170698875095
"nih_6667838","BIOC",0.424543163201008,"NEUR",0.319804258842397
"nih_6691044","IMMU",0.328918518518518,"IMMU",0.420510341688758
"nih_6691073","BIOC",0.294888504421376,"CHEM",0.22783766835633
"nih_6721366","IMMU",0.341478559427277,"IMMU",0.413733509272483
"nih_6721519","BIOC",0.340335579336768,"NEUR",0.26638396961707
"nih_6724242","BIOC",0.635633270321361,"BIOC",0.255749189510518
"nih_6734606","BIOC",0.264328297176309,"OTHER",0.122394474443287
"nih_6746193","BIOC",0.355,"OTHER",0.207860805112666
"nih_6780371","BIOC",0.473017447719829,"NEUR",0.203678825001514
"nih_6981209","OTHER",0.308539944903581,"OTHER",0.327873129967199
"nih_7342015","BIOC",0.615555555555556,"BIOC",0.350469573145801
"nih_7353712","BIOC",0.435910585141354,"MULT",0.189252067717174
"nih_7353716","NEUR",0.381177777777778,"NEUR",0.772633830836534
"nih_7353736","BIOC",0.409073097316286,"MEDI",0.282973309780601
"nih_7354242","BIOC",0.375996656378601,"AGRI",0.231515213557335
"nih_7354258","MEDI",0.411051587301587,"MEDI",0.308148093971612
"nih_7354264","BIOC",0.408177083333333,"AGRI",0.251088126332404
"nih_7354268","BIOC",0.512083333333333,"PHAR",0.372204523963714
"nih_7354530","OTHER",0.386666666666667,"OTHER",0.498850314734613
"nih_7354824","NEUR",0.47679059021214,"NEUR",0.849067383574587
"nih_7355008","BIOC",0.508917954815696,"AGRI",0.305934091614484
"nih_7355782","IMMU",0.373287037037037,"IMMU",0.392160078378673
"nih_7355826","BIOC",0.401783842196094,"MULT",0.214192365319845
"nih_7684565","BIOC",0.492539682539683,"NEUR",0.236603329251285
"nih_7691221","BIOC",0.447730112453145,"AGRI",0.510087170419556
"nih_7693793","BIOC",0.505871056241427,"MULT",0.18836561876612
"nih_7705133","BIOC",0.582152110958695,"BIOC",0.224980864980721
"nih_7709177","BIOC",0.393839785731678,"MULT",0.239220418026232
"nih_7714754","BIOC",0.401638454861111,"AGRI",0.32616008244984
"nih_7733561","BIOC",0.508323424494649,"IMMU",0.402837417724116
"nih_7780808","BIOC",0.337954355958176,"CHEM",0.172339847140944
"nih_7827539","BIOC",0.777892561983471,"BIOC",0.376996609669734
"nih_7969598","PHAR",0.29603476766475,"PHAR",0.625445882908397
"nih_8001798","IMMU",0.367074378905655,"IMMU",0.511754109652577
"nih_8005790","BIOC",0.391457852748943,"IMMU",0.225430272223008
"nih_8005932","BIOC",0.430718954248366,"MULT",0.268659887850521
"nih_8006252","BIOC",0.273342553402143,"NEUR",0.373242999991693
"nih_8015682","BIOC",0.454248366013072,"AGRI",0.299279749232555
"nih_8020127","BIOC",0.254740707207887,"NEUR",0.225365641516848
"nih_8027998","MEDI",0.272979140635846,"OTHER",0.270114011550453
"nih_8058334","BIOC",0.345490920283164,"IMMU",0.261819346892217
"nih_8063951","BIOC",0.331284170132477,"OTHER",0.2232946683525
"nih_8063962","BIOC",0.25131781028738,"NEUR",0.215136027945489
"nih_8066646","CHEM",0.382193178546631,"CHEM",0.346655108210977
"nih_8066708","CHEM",0.196743706888829,"CENG",0.201366657149821
"nih_8068608","BIOC",0.612299382716049,"BIOC",0.258370856859221
"nih_8073252","BIOC",0.64859693877551,"AGRI",0.246610234333786
"nih_8080536","BIOC",0.314468370701338,"CHEM",0.308722907879961
"nih_8114735","BIOC",1,"BIOC",1
"nih_8139582","IMMU",0.219875346260388,"IMMU",0.194455557331409
"nih_8225311","BIOC",0.364441609977324,"NEUR",0.722474193284047
"nih_8233471","BIOC",0.245279593318809,"PHAR",0.325909977279907
"nih_8270374","BIOC",0.517203709062071,"BIOC",0.142386971529711
"nih_8328629","BIOC",0.422039323273891,"MULT",0.297573625663383
"nih_9574352","CHEM",0.238759838750315,"CHEM",0.231809097957969
